Support_City,Support_State,Support_Latitude,Support_Longitude,Airport_Name,Airport_Code,Airport_Latitude,Airport_Longitude,Airport_Distance_Miles,Airport_Service_Period,Airport_Status,Community_County,Community_County_FIPS,Internet_Coverage_Pct,Internet_Score,Internet_Status,Internet_Requirement,Tech_Workers,Tech_Worker_Share,Tech_Location_Quotient,Tech_Community_Score,Tech_Status,Tech_Environment_Score,Tech_Environment_Status,Internet_Data_Vintage,Tech_Data_Vintage,Community_Data_Scope,Community_Model
Kansas City,KS,39.11417,-94.62746,Kansas City International Airport,MCI,39.301699,-94.713893,13.8,2025-01 to 2025-12,Reported scheduled international service,Wyandotte County,20209,96.7,96.7,Regional screen met,Address verification required,1960,0.0247487246830648,0.653,32.6,ACS county resident estimate,77.5,Provisional regional proxy,"Percentage of population with access to fixed terrestrial broadband service at 100/20 Mbps or higher advertised speeds, as of June 2024.",2020–2024 ACS 5-year,"County containing the support-city center; regional proxy, not city/address data",community-v1
Glen Burnie,MD,39.16261,-76.62469,Baltimore/Washington International Thurgood Marshall Airport,BWI,39.1754,-76.668297,2.5,2025-01 to 2025-12,Reported scheduled international service,Anne Arundel County,24003,99.3,99.3,Regional screen met,Address verification required,23076,0.0752136529272569,1.984,99.2,ACS county resident estimate,99.3,Provisional regional proxy,"Percentage of population with access to fixed terrestrial broadband service at 100/20 Mbps or higher advertised speeds, as of June 2024.",2020–2024 ACS 5-year,"County containing the support-city center; regional proxy, not city/address data",community-v1
Lawton,OK,34.60869,-98.39033,Dallas Fort Worth International Airport,DFW,32.896801,-97.038002,141.5,2025-01 to 2025-12,Reported scheduled international service,Comanche County,40031,99.1,99.1,Regional screen met,Address verification required,895,0.0198540340291488,0.524,26.2,ACS county resident estimate,77.2,Provisional regional proxy,"Percentage of population with access to fixed terrestrial broadband service at 100/20 Mbps or higher advertised speeds, as of June 2024.",2020–2024 ACS 5-year,"County containing the support-city center; regional proxy, not city/address data",community-v1
Fayetteville,NC,35.05266,-78.87836,Raleigh-Durham International Airport,RDU,35.878659,-78.7873,57.3,2025-01 to 2025-12,Reported scheduled international service,Cumberland County,37051,96.9,96.9,Regional screen met,Address verification required,3238,0.0258411543127114,0.682,34.1,ACS county resident estimate,78.1,Provisional regional proxy,"Percentage of population with access to fixed terrestrial broadband service at 100/20 Mbps or higher advertised speeds, as of June 2024.",2020–2024 ACS 5-year,"County containing the support-city center; regional proxy, not city/address data",community-v1
Bethesda,MD,38.98067,-77.10026,Ronald Reagan Washington National Airport,DCA,38.8521,-77.037697,9.5,2025-01 to 2025-12,Reported scheduled international service,Montgomery County,24031,99.8,99.8,Regional screen met,Address verification required,45799,0.0815427948780036,2.151,100.0,ACS county resident estimate,99.9,Provisional regional proxy,"Percentage of population with access to fixed terrestrial broadband service at 100/20 Mbps or higher advertised speeds, as of June 2024.",2020–2024 ACS 5-year,"County containing the support-city center; regional proxy, not city/address data",community-v1
Reston,VA,38.96872,-77.3411,Washington Dulles International Airport,IAD,38.9445,-77.455803,6.4,2025-01 to 2025-12,Reported scheduled international service,Fairfax County,51059,98.1,98.1,Regional screen met,Address verification required,76110,0.1247377736987019,3.291,100.0,ACS county resident estimate,98.7,Provisional regional proxy,"Percentage of population with access to fixed terrestrial broadband service at 100/20 Mbps or higher advertised speeds, as of June 2024.",2020–2024 ACS 5-year,"County containing the support-city center; regional proxy, not city/address data",community-v1
Newport News,VA,36.98038,-76.42975,Ronald Reagan Washington National Airport,DCA,38.8521,-77.037697,133.5,2025-01 to 2025-12,Reported scheduled international service,Newport News city,51700,96.1,96.1,Regional screen met,Address verification required,2998,0.0354969333870089,0.936,46.8,ACS county resident estimate,81.3,Provisional regional proxy,"Percentage of population with access to fixed terrestrial broadband service at 100/20 Mbps or higher advertised speeds, as of June 2024.",2020–2024 ACS 5-year,"County containing the support-city center; regional proxy, not city/address data",community-v1
Waldorf,MD,38.62456,-76.93914,Ronald Reagan Washington National Airport,DCA,38.8521,-77.037697,16.6,2025-01 to 2025-12,Reported scheduled international service,Charles County,24017,97.5,97.5,Regional screen met,Address verification required,6395,0.0729340115417075,1.924,96.2,ACS county resident estimate,97.1,Provisional regional proxy,"Percentage of population with access to fixed terrestrial broadband service at 100/20 Mbps or higher advertised speeds, as of June 2024.",2020–2024 ACS 5-year,"County containing the support-city center; regional proxy, not city/address data",community-v1
Chester,VA,37.35682,-77.44165,Ronald Reagan Washington National Airport,DCA,38.8521,-77.037697,105.6,2025-01 to 2025-12,Reported scheduled international service,Chesterfield County,51041,98.7,98.7,Regional screen met,Address verification required,8142,0.0425445196889892,1.122,56.1,ACS county resident estimate,85.9,Provisional regional proxy,"Percentage of population with access to fixed terrestrial broadband service at 100/20 Mbps or higher advertised speeds, as of June 2024.",2020–2024 ACS 5-year,"County containing the support-city center; regional proxy, not city/address data",community-v1
Manhattan,KS,39.18361,-96.57167,Kansas City International Airport,MCI,39.301699,-94.713893,99.7,2025-01 to 2025-12,Reported scheduled international service,Riley County,20161,97.2,97.2,Regional screen met,Address verification required,800,0.0223601095645368,0.59,29.5,ACS county resident estimate,76.9,Provisional regional proxy,"Percentage of population with access to fixed terrestrial broadband service at 100/20 Mbps or higher advertised speeds, as of June 2024.",2020–2024 ACS 5-year,"County containing the support-city center; regional proxy, not city/address data",community-v1
Aiken,SC,33.56042,-81.71955,Charleston International Airport,CHS,32.896159,-80.038151,107.5,2025-01 to 2025-12,Reported scheduled international service,Aiken County,45003,98.9,98.9,Regional screen met,Address verification required,1888,0.0245437054755342,0.647,32.4,ACS county resident estimate,79.0,Provisional regional proxy,"Percentage of population with access to fixed terrestrial broadband service at 100/20 Mbps or higher advertised speeds, as of June 2024.",2020–2024 ACS 5-year,"County containing the support-city center; regional proxy, not city/address data",community-v1
Louisville,KY,38.25424,-85.75941,Cincinnati Northern Kentucky International Airport,CVG,39.048801,-84.667801,80.5,2025-01 to 2025-12,Reported scheduled international service,Jefferson County,21111,97.6,97.6,Regional screen met,Address verification required,12260,0.0315356795604553,0.832,41.6,ACS county resident estimate,80.8,Provisional regional proxy,"Percentage of population with access to fixed terrestrial broadband service at 100/20 Mbps or higher advertised speeds, as of June 2024.",2020–2024 ACS 5-year,"County containing the support-city center; regional proxy, not city/address data",community-v1
Rio Rancho,NM,35.23338,-106.66447,City of Colorado Springs Municipal Airport,COS,38.805801,-104.700996,269.5,2025-01 to 2025-12,Reported scheduled international service,Sandoval County,35043,90.9,90.9,Below screening threshold,Insufficient regional coverage — verify address,2294,0.0330086190770824,0.871,43.5,ACS county resident estimate,,Blocked — internet coverage,"Percentage of population with access to fixed terrestrial broadband service at 100/20 Mbps or higher advertised speeds, as of June 2024.",2020–2024 ACS 5-year,"County containing the support-city center; regional proxy, not city/address data",community-v1
Las Cruces,NM,32.31232,-106.77834,Phoenix Sky Harbor International Airport,PHX,33.435302,-112.005905,313.1,2025-01 to 2025-12,Reported scheduled international service,Doña Ana County,35013,97.3,97.3,Regional screen met,Address verification required,2355,0.0246081504702194,0.649,32.5,ACS county resident estimate,77.9,Provisional regional proxy,"Percentage of population with access to fixed terrestrial broadband service at 100/20 Mbps or higher advertised speeds, as of June 2024.",2020–2024 ACS 5-year,"County containing the support-city center; regional proxy, not city/address data",community-v1
Troy,MI,42.60559,-83.14993,Detroit Metropolitan Wayne County Airport,DTW,42.21377,-83.353786,29.0,2025-01 to 2025-12,Reported scheduled international service,Oakland County,26125,99.2,99.2,Regional screen met,Address verification required,36420,0.0548643530841991,1.447,72.4,ACS county resident estimate,91.2,Provisional regional proxy,"Percentage of population with access to fixed terrestrial broadband service at 100/20 Mbps or higher advertised speeds, as of June 2024.",2020–2024 ACS 5-year,"County containing the support-city center; regional proxy, not city/address data",community-v1
Sumter,SC,33.92044,-80.34147,Charleston International Airport,CHS,32.896159,-80.038151,72.9,2025-01 to 2025-12,Reported scheduled international service,Sumter County,45085,95.3,95.3,Regional screen met,Address verification required,830,0.0201339025810207,0.531,26.6,ACS county resident estimate,74.7,Provisional regional proxy,"Percentage of population with access to fixed terrestrial broadband service at 100/20 Mbps or higher advertised speeds, as of June 2024.",2020–2024 ACS 5-year,"County containing the support-city center; regional proxy, not city/address data",community-v1
Columbus,GA,32.46098,-84.98771,Hartsfield Jackson Atlanta International Airport,ATL,33.6367,-84.428101,87.5,2025-01 to 2025-12,Reported scheduled international service,Muscogee County,13215,97.9,97.9,Regional screen met,Address verification required,2247,0.0267630629235698,0.706,35.3,ACS county resident estimate,79.1,Provisional regional proxy,"Percentage of population with access to fixed terrestrial broadband service at 100/20 Mbps or higher advertised speeds, as of June 2024.",2020–2024 ACS 5-year,"County containing the support-city center; regional proxy, not city/address data",community-v1
Omaha,NE,41.25626,-95.94043,Kansas City International Airport,MCI,39.301699,-94.713893,149.7,2025-01 to 2025-12,Reported scheduled international service,Douglas County,31055,98.7,98.7,Regional screen met,Address verification required,14855,0.0482737778008865,1.273,63.7,ACS county resident estimate,88.2,Provisional regional proxy,"Percentage of population with access to fixed terrestrial broadband service at 100/20 Mbps or higher advertised speeds, as of June 2024.",2020–2024 ACS 5-year,"County containing the support-city center; regional proxy, not city/address data",community-v1
Dothan,AL,31.22323,-85.39049,Hartsfield Jackson Atlanta International Airport,ATL,33.6367,-84.428101,175.9,2025-01 to 2025-12,Reported scheduled international service,Houston County,01069,90.2,90.2,Below screening threshold,Insufficient regional coverage — verify address,675,0.0142681998816267,0.376,18.8,ACS county resident estimate,,Blocked — internet coverage,"Percentage of population with access to fixed terrestrial broadband service at 100/20 Mbps or higher advertised speeds, as of June 2024.",2020–2024 ACS 5-year,"County containing the support-city center; regional proxy, not city/address data",community-v1
Richmond,VA,37.55376,-77.46026,Ronald Reagan Washington National Airport,DCA,38.8521,-77.037697,92.6,2025-01 to 2025-12,Reported scheduled international service,Richmond city,51760,99.7,99.7,Regional screen met,Address verification required,5893,0.0476309791306315,1.256,62.8,ACS county resident estimate,88.6,Provisional regional proxy,"Percentage of population with access to fixed terrestrial broadband service at 100/20 Mbps or higher advertised speeds, as of June 2024.",2020–2024 ACS 5-year,"County containing the support-city center; regional proxy, not city/address data",community-v1
Colorado Springs,CO,38.83388,-104.82136,City of Colorado Springs Municipal Airport,COS,38.805801,-104.700996,6.8,2025-01 to 2025-12,Reported scheduled international service,El Paso County,08041,99.0,99.0,Regional screen met,Address verification required,21882,0.0625947560229073,1.651,82.6,ACS county resident estimate,94.1,Provisional regional proxy,"Percentage of population with access to fixed terrestrial broadband service at 100/20 Mbps or higher advertised speeds, as of June 2024.",2020–2024 ACS 5-year,"County containing the support-city center; regional proxy, not city/address data",community-v1
Austin,TX,30.26715,-97.74306,Austin Bergstrom International Airport,AUS,30.197535,-97.662015,6.8,2025-01 to 2025-12,Reported scheduled international service,Travis County,48453,96.7,96.7,Regional screen met,Address verification required,63045,0.0826180398118177,2.179,100.0,ACS county resident estimate,97.7,Provisional regional proxy,"Percentage of population with access to fixed terrestrial broadband service at 100/20 Mbps or higher advertised speeds, as of June 2024.",2020–2024 ACS 5-year,"County containing the support-city center; regional proxy, not city/address data",community-v1
Huntsville,AL,34.7304,-86.58594,Nashville International Airport,BNA,36.1245,-86.6782,96.5,2025-01 to 2025-12,Reported scheduled international service,Madison County,01089,98.5,98.5,Regional screen met,Address verification required,16849,0.0825915178133762,2.179,100.0,ACS county resident estimate,98.9,Provisional regional proxy,"Percentage of population with access to fixed terrestrial broadband service at 100/20 Mbps or higher advertised speeds, as of June 2024.",2020–2024 ACS 5-year,"County containing the support-city center; regional proxy, not city/address data",community-v1
Salinas,CA,36.67774,-121.6555,Mineta San Jose International Airport,SJC,37.362452,-121.929188,49.7,2025-01 to 2025-12,Reported scheduled international service,Monterey County,06053,99.4,99.4,Regional screen met,Address verification required,3330,0.0178298931812705,0.47,23.5,ACS county resident estimate,76.6,Provisional regional proxy,"Percentage of population with access to fixed terrestrial broadband service at 100/20 Mbps or higher advertised speeds, as of June 2024.",2020–2024 ACS 5-year,"County containing the support-city center; regional proxy, not city/address data",community-v1
Austin,TX,30.2672,-97.7431,Austin Bergstrom International Airport,AUS,30.197535,-97.662015,6.8,2025-01 to 2025-12,Reported scheduled international service,Travis County,48453,96.7,96.7,Regional screen met,Address verification required,63045,0.0826180398118177,2.179,100.0,ACS county resident estimate,97.7,Provisional regional proxy,"Percentage of population with access to fixed terrestrial broadband service at 100/20 Mbps or higher advertised speeds, as of June 2024.",2020–2024 ACS 5-year,"County containing the support-city center; regional proxy, not city/address data",community-v1
New Braunfels,TX,29.703,-98.12445,San Antonio International Airport,SAT,29.533701,-98.469803,23.8,2025-01 to 2025-12,Reported scheduled international service,Comal County,48091,96.9,96.9,Regional screen met,Address verification required,2662,0.03004311220459111,0.793,39.6,ACS county resident estimate,79.7,Provisional regional proxy,"Percentage of population with access to fixed terrestrial broadband service at 100/20 Mbps or higher advertised speeds, as of June 2024.",2020–2024 ACS 5-year,"County containing the support-city center; regional proxy, not city/address data",community-v1
