Assignment_City,Assignment_State,Assignment_Latitude,Assignment_Longitude,Demographics_Status,Support_City,Support_State,Support_Latitude,Support_Longitude,Support_Distance_Miles,Population,Prior_Population,Population_Growth,Retail_Status,Starbucks_Distance_Miles,Target_Distance_Miles,Chick-fil-A_Distance_Miles,Available_Weight,Starbucks,Target,Chick-fil-A,Retail_Points,Retail_Max_Points,Retail_Score,Population_Score,Growth_Score,Distance_Score,Support_City_Score,State_Capital,Capital_Latitude,Capital_Longitude,Capital_Distance_Miles
FORT LEAVENWORTH,KS,39.3603878,-94.9253096,Unmatched,Kansas City,KS,39.11417,-94.62746,23.3,152933,,,Available,2.6,6.6,6.9,0.85,True,True,True,3.0,3,1.0,1.0,,0.334,84.3,Topeka,39.0473,-95.6752,45.6
FORT LEAVENWORTH,KS,39.3603878,-94.9253096,Available,Overland Park,KS,38.98223,-94.67079,29.5,200306,191011.0,0.0487,Available,1.0,2.5,2.0,1.0,True,True,True,3.0,3,1.0,1.0,0.974,0.158,82.8,Topeka,39.0473,-95.6752,45.6
FORT LEAVENWORTH,KS,39.3603878,-94.9253096,Available,Olathe,KS,38.8814,-94.81913,33.6,145057,137618.0,0.0541,Available,0.8,2.3,3.7,1.0,True,True,True,3.0,3,1.0,1.0,1.0,0.041,80.8,Topeka,39.0473,-95.6752,45.6
FORT LEAVENWORTH,KS,39.3603878,-94.9253096,Available,Independence,MO,39.09112,-94.41551,33.0,121740,117084.0,0.0398,Available,3.4,3.7,4.3,1.0,True,True,True,3.0,3,1.0,1.0,0.796,0.056,78.1,Topeka,39.0473,-95.6752,45.6
FORT LEAVENWORTH,KS,39.3603878,-94.9253096,Available,Shawnee,KS,39.04167,-94.72024,24.6,68542,65540.0,0.0458,Available,1.9,3.3,1.8,1.0,True,True,True,3.0,3,1.0,0.685,0.916,0.297,76.8,Topeka,39.0473,-95.6752,45.6
FORT LEAVENWORTH,KS,39.3603878,-94.9253096,Unmatched,Saint Joseph,MO,39.76861,-94.84663,28.5,76780,,,Available,2.3,3.7,3.6,0.85,True,True,True,3.0,3,1.0,0.768,,0.185,74.0,Topeka,39.0473,-95.6752,45.6
FORT LEAVENWORTH,KS,39.3603878,-94.9253096,Available,Lenexa,KS,38.95362,-94.73357,29.9,58384,54011.0,0.081,Available,1.3,0.8,0.6,1.0,True,True,True,3.0,3,1.0,0.584,1.0,0.145,72.5,Topeka,39.0473,-95.6752,45.6
FORT LEAVENWORTH,KS,39.3603878,-94.9253096,Unmatched,Kansas City,MO,39.09973,-94.57857,25.9,475378,,,Available,0.3,5.7,,0.85,True,True,False,2.0,3,0.667,1.0,,0.261,66.9,Topeka,39.0473,-95.6752,45.6
FORT LEAVENWORTH,KS,39.3603878,-94.9253096,Available,Lawrence,KS,38.97167,-95.23525,31.6,96051,96369.0,-0.0033,Available,0.1,3.5,1.0,1.0,True,True,True,3.0,3,1.0,0.961,0.0,0.098,66.0,Topeka,39.0473,-95.6752,45.6
FORT LEAVENWORTH,KS,39.3603878,-94.9253096,Available,Leavenworth,KS,39.31111,-94.92246,3.4,37195,36064.0,0.0314,Available,2.0,,,1.0,True,False,False,1.0,3,0.333,0.372,0.628,0.903,50.1,Topeka,39.0473,-95.6752,45.6
FORT GEORGE MEADE,MD,39.1022704,-76.7462558,Available,Glen Burnie,MD,39.16261,-76.62469,7.7,72590,69872.0,0.0389,Available,1.1,2.1,1.8,1.0,True,True,True,3.0,3,1.0,0.726,0.778,0.779,85.4,Annapolis,38.9784,-76.4922,16.1
FORT GEORGE MEADE,MD,39.1022704,-76.7462558,Unmatched,Ellicott City,MD,39.26733,-76.79831,11.7,65834,,,Available,1.9,1.6,2.4,0.85,True,True,True,3.0,3,1.0,0.658,,0.665,82.1,Annapolis,38.9784,-76.4922,16.1
FORT GEORGE MEADE,MD,39.1022704,-76.7462558,Available,Columbia,MD,39.24038,-76.83942,10.8,104338,103991.0,0.0033,Available,2.3,1.4,1.4,1.0,True,True,True,3.0,3,1.0,1.0,0.066,0.692,79.8,Annapolis,38.9784,-76.4922,16.1
FORT GEORGE MEADE,MD,39.1022704,-76.7462558,Available,Severn,MD,39.13705,-76.6983,3.5,58402,50496.0,0.1566,Unavailable,,,,0.6,,,,,3,,0.584,1.0,0.899,79.3,Annapolis,38.9784,-76.4922,16.1
FORT GEORGE MEADE,MD,39.1022704,-76.7462558,Available,Arlington,VA,38.88101,-77.10428,24.6,236254,233464.0,0.012,Available,0.1,0.5,0.4,1.0,True,True,True,3.0,3,1.0,1.0,0.24,0.298,74.6,Annapolis,38.9784,-76.4922,16.1
FORT GEORGE MEADE,MD,39.1022704,-76.7462558,Available,Alexandria,VA,38.80484,-77.04692,26.1,156976,157613.0,-0.004,Available,0.1,2.0,3.4,1.0,True,True,True,3.0,3,1.0,1.0,0.0,0.253,70.1,Annapolis,38.9784,-76.4922,16.1
FORT GEORGE MEADE,MD,39.1022704,-76.7462558,Available,Bowie,MD,38.94278,-76.73028,11.1,57926,58481.0,-0.0095,Available,0.2,0.8,0.7,1.0,True,True,True,3.0,3,1.0,0.579,0.0,0.684,68.2,Annapolis,38.9784,-76.4922,16.1
FORT GEORGE MEADE,MD,39.1022704,-76.7462558,Available,Baltimore,MD,39.29038,-76.61219,14.8,573243,609032.0,-0.0588,Unavailable,,,,0.6,,,,,3,,1.0,0.0,0.576,60.9,Annapolis,38.9784,-76.4922,16.1
FORT GEORGE MEADE,MD,39.1022704,-76.7462558,Available,Washington,DC,38.89511,-77.03637,21.2,681294,692683.0,-0.0164,Unavailable,,,,0.6,,,,,3,,1.0,0.0,0.396,54.9,Annapolis,38.9784,-76.4922,16.1
FORT GEORGE MEADE,MD,39.1022704,-76.7462558,Available,Silver Spring,MD,38.99067,-77.02609,16.9,81462,81773.0,-0.0038,Unavailable,,,,0.6,,,,,3,,0.815,0.0,0.518,51.2,Annapolis,38.9784,-76.4922,16.1
FORT SILL,OK,34.7027408,-98.5074309,Available,Lawton,OK,34.60869,-98.39033,9.3,90595,94017.0,-0.0364,Available,3.1,6.2,2.3,1.0,True,True,True,3.0,3,1.0,0.906,0.0,0.734,77.3,Oklahoma City,35.4676,-97.5164,77.0
FORT SILL,OK,34.7027408,-98.5074309,Available,Duncan,OK,34.5023,-97.95781,34.2,22958,22618.0,0.015,Unavailable,,,,0.6,,,,,3,,0.23,0.3,0.023,17.8,Oklahoma City,35.4676,-97.5164,77.0
FORT BRAGG,NC,35.140311,-79.1541465,Available,Fayetteville,NC,35.05266,-78.87836,16.7,210815,210432.0,0.0018,Available,4.7,5.5,1.6,1.0,True,True,True,3.0,3,1.0,1.0,0.036,0.522,76.0,Raleigh,35.7796,-78.6382,52.9
FORT BRAGG,NC,35.140311,-79.1541465,Available,Hope Mills,NC,34.97044,-78.94531,16.7,17939,15769.0,0.1376,Available,3.8,6.1,1.2,1.0,True,True,True,3.0,3,1.0,0.179,1.0,0.524,70.0,Raleigh,35.7796,-78.6382,52.9
FORT BRAGG,NC,35.140311,-79.1541465,Available,Pinehurst,NC,35.19543,-79.46948,18.2,18256,16050.0,0.1374,Available,1.0,3.5,3.7,1.0,True,True,True,3.0,3,1.0,0.183,1.0,0.48,69.2,Raleigh,35.7796,-78.6382,52.9
FORT BRAGG,NC,35.140311,-79.1541465,Unmatched,Fort Bragg,NC,35.139,-79.00603,8.4,29183,,,Available,5.1,6.0,5.3,0.85,False,True,True,2.0,3,0.667,0.292,,0.761,57.9,Raleigh,35.7796,-78.6382,52.9
FORT BRAGG,NC,35.140311,-79.1541465,Available,Sanford,NC,35.47988,-79.1803,23.5,31478,29456.0,0.0686,Available,3.0,,3.7,1.0,True,False,True,2.0,3,0.667,0.315,1.0,0.328,56.1,Raleigh,35.7796,-78.6382,52.9
FORT BRAGG,NC,35.140311,-79.1541465,Available,Laurinburg,NC,34.77405,-79.46282,30.8,15087,15119.0,-0.0021,Unavailable,,,,0.6,,,,,3,,0.151,0.0,0.121,10.3,Raleigh,35.7796,-78.6382,52.9
PENTAGON,VA,38.8691306,-77.054076,Available,Bethesda,MD,38.98067,-77.10026,8.1,69397,63195.0,0.0981,Available,0.2,0.5,2.5,1.0,True,True,True,3.0,3,1.0,0.694,1.0,0.769,87.7,Richmond,37.5407,-77.436,94.1
PENTAGON,VA,38.8691306,-77.054076,Available,Arlington,VA,38.88101,-77.10428,2.8,236254,233464.0,0.012,Available,0.1,0.5,0.4,1.0,True,True,True,3.0,3,1.0,1.0,0.24,0.919,87.0,Richmond,37.5407,-77.436,94.1
PENTAGON,VA,38.8691306,-77.054076,Available,Waldorf,MD,38.62456,-76.93914,18.0,82943,75489.0,0.0987,Available,4.9,0.9,1.2,1.0,True,True,True,3.0,3,1.0,0.829,1.0,0.486,85.4,Richmond,37.5407,-77.436,94.1
PENTAGON,VA,38.8691306,-77.054076,Available,Alexandria,VA,38.80484,-77.04692,4.5,156976,157613.0,-0.004,Available,0.1,2.0,3.4,1.0,True,True,True,3.0,3,1.0,1.0,0.0,0.873,82.5,Richmond,37.5407,-77.436,94.1
PENTAGON,VA,38.8691306,-77.054076,Available,Silver Spring,MD,38.99067,-77.02609,8.5,81462,81773.0,-0.0038,Available,0.4,0.4,0.4,1.0,True,True,True,3.0,3,1.0,0.815,0.0,0.756,75.5,Richmond,37.5407,-77.436,94.1
PENTAGON,VA,38.8691306,-77.054076,Available,Washington,DC,38.89511,-77.03637,2.0,681294,692683.0,-0.0164,Unavailable,,,,0.6,,,,,3,,1.0,0.0,0.942,73.1,Richmond,37.5407,-77.436,94.1
PENTAGON,VA,38.8691306,-77.054076,Unmatched,Downtown DC,DC,38.8935,-77.01991,2.5,52560,,,Unavailable,,,,0.45,,,,,3,,0.526,,0.929,70.5,Richmond,37.5407,-77.436,94.1
PENTAGON,VA,38.8691306,-77.054076,Available,Columbia,MD,39.24038,-76.83942,28.1,104338,103991.0,0.0033,Available,2.3,1.4,1.4,1.0,True,True,True,3.0,3,1.0,1.0,0.066,0.197,69.9,Richmond,37.5407,-77.436,94.1
PENTAGON,VA,38.8691306,-77.054076,Available,Germantown,MD,39.17316,-77.27165,24.0,90719,90582.0,0.0015,Unavailable,,,,0.6,,,,,3,,0.907,0.03,0.313,49.0,Richmond,37.5407,-77.436,94.1
PENTAGON,VA,38.8691306,-77.054076,Available,Rockville,MD,39.084,-77.15276,15.8,67671,67542.0,0.0019,Unavailable,,,,0.6,,,,,3,,0.677,0.038,0.55,47.5,Richmond,37.5407,-77.436,94.1
CHANTILLY,VA,38.885219,-77.4486772,Available,Reston,VA,38.96872,-77.3411,8.2,64414,61147.0,0.0534,Available,0.9,1.8,0.8,1.0,True,True,True,3.0,3,1.0,0.644,1.0,0.767,86.4,Richmond,37.5407,-77.436,92.9
CHANTILLY,VA,38.885219,-77.4486772,Available,Arlington,VA,38.88101,-77.10428,18.5,236254,233464.0,0.012,Available,0.1,0.5,0.4,1.0,True,True,True,3.0,3,1.0,1.0,0.24,0.471,78.0,Richmond,37.5407,-77.436,92.9
CHANTILLY,VA,38.885219,-77.4486772,Unmatched,Dale City,VA,38.63706,-77.31109,18.7,65969,,,Available,1.3,1.7,1.7,0.85,True,True,True,3.0,3,1.0,0.66,,0.466,77.4,Richmond,37.5407,-77.436,92.9
CHANTILLY,VA,38.885219,-77.4486772,Available,Alexandria,VA,38.80484,-77.04692,22.3,156976,157613.0,-0.004,Available,0.1,2.0,3.4,1.0,True,True,True,3.0,3,1.0,1.0,0.0,0.362,72.2,Richmond,37.5407,-77.436,92.9
CHANTILLY,VA,38.885219,-77.4486772,Available,Germantown,MD,39.17316,-77.27165,22.0,90719,90582.0,0.0015,Available,0.6,2.1,0.9,1.0,True,True,True,3.0,3,1.0,0.907,0.03,0.37,70.5,Richmond,37.5407,-77.436,92.9
CHANTILLY,VA,38.885219,-77.4486772,Available,Silver Spring,MD,38.99067,-77.02609,23.9,81462,81773.0,-0.0038,Available,0.4,0.4,0.4,1.0,True,True,True,3.0,3,1.0,0.815,0.0,0.319,66.8,Richmond,37.5407,-77.436,92.9
CHANTILLY,VA,38.885219,-77.4486772,Available,Rockville,MD,39.084,-77.15276,21.0,67671,67542.0,0.0019,Available,0.1,2.8,1.4,1.0,True,True,True,3.0,3,1.0,0.677,0.038,0.4,65.5,Richmond,37.5407,-77.436,92.9
CHANTILLY,VA,38.885219,-77.4486772,Available,Centreville,VA,38.84039,-77.42888,3.3,71706,74125.0,-0.0326,Unavailable,,,,0.6,,,,,3,,0.717,0.0,0.906,60.1,Richmond,37.5407,-77.436,92.9
CHANTILLY,VA,38.885219,-77.4486772,Unmatched,Oak Hill,VA,38.9258,-77.40156,3.8,33811,,,Unavailable,,,,0.45,,,,,3,,0.338,,0.892,58.4,Richmond,37.5407,-77.436,92.9
CHANTILLY,VA,38.885219,-77.4486772,Available,Washington,DC,38.89511,-77.03637,22.2,681294,692683.0,-0.0164,Unavailable,,,,0.6,,,,,3,,1.0,0.0,0.366,53.9,Richmond,37.5407,-77.436,92.9
FALLS CHURCH,VA,38.882334,-77.1710914,Available,Bethesda,MD,38.98067,-77.10026,7.8,69397,63195.0,0.0981,Available,0.2,0.5,2.5,1.0,True,True,True,3.0,3,1.0,0.694,1.0,0.777,87.9,Richmond,37.5407,-77.436,93.8
FALLS CHURCH,VA,38.882334,-77.1710914,Available,Arlington,VA,38.88101,-77.10428,3.6,236254,233464.0,0.012,Available,0.1,0.5,0.4,1.0,True,True,True,3.0,3,1.0,1.0,0.24,0.897,86.5,Richmond,37.5407,-77.436,93.8
FALLS CHURCH,VA,38.882334,-77.1710914,Available,McLean,VA,38.93428,-77.17748,3.6,49627,47682.0,0.0408,Available,0.1,4.9,3.4,1.0,True,True,True,3.0,3,1.0,0.496,0.816,0.897,82.6,Richmond,37.5407,-77.436,93.8
FALLS CHURCH,VA,38.882334,-77.1710914,Available,Washington,DC,38.89511,-77.03637,7.3,681294,692683.0,-0.0164,Available,0.3,2.0,0.4,1.0,True,True,True,3.0,3,1.0,1.0,0.0,0.791,80.8,Richmond,37.5407,-77.436,93.8
FALLS CHURCH,VA,38.882334,-77.1710914,Available,Alexandria,VA,38.80484,-77.04692,8.6,156976,157613.0,-0.004,Available,0.1,2.0,3.4,1.0,True,True,True,3.0,3,1.0,1.0,0.0,0.755,80.1,Richmond,37.5407,-77.436,93.8
FALLS CHURCH,VA,38.882334,-77.1710914,Available,Silver Spring,MD,38.99067,-77.02609,10.8,81462,81773.0,-0.0038,Available,0.4,0.4,0.4,1.0,True,True,True,3.0,3,1.0,0.815,0.0,0.691,74.2,Richmond,37.5407,-77.436,93.8
FALLS CHURCH,VA,38.882334,-77.1710914,Available,Germantown,MD,39.17316,-77.27165,20.8,90719,90582.0,0.0015,Available,0.6,2.1,0.9,1.0,True,True,True,3.0,3,1.0,0.907,0.03,0.406,71.2,Richmond,37.5407,-77.436,93.8
FALLS CHURCH,VA,38.882334,-77.1710914,Available,Centreville,VA,38.84039,-77.42888,14.2,71706,74125.0,-0.0326,Available,0.5,2.2,2.7,1.0,True,True,True,3.0,3,1.0,0.717,0.0,0.595,69.8,Richmond,37.5407,-77.436,93.8
FALLS CHURCH,VA,38.882334,-77.1710914,Available,Rockville,MD,39.084,-77.15276,14.0,67671,67542.0,0.0019,Available,0.1,2.8,1.4,1.0,True,True,True,3.0,3,1.0,0.677,0.038,0.601,69.5,Richmond,37.5407,-77.436,93.8
FALLS CHURCH,VA,38.882334,-77.1710914,Available,Columbia,MD,39.24038,-76.83942,30.5,104338,103991.0,0.0033,Available,2.3,1.4,1.4,1.0,True,True,True,3.0,3,1.0,1.0,0.066,0.129,68.6,Richmond,37.5407,-77.436,93.8
FORT EUSTIS,VA,37.1259192,-76.6013522,Available,Newport News,VA,36.98038,-76.42975,13.8,184216,179673.0,0.0253,Available,2.9,4.7,3.0,1.0,True,True,True,3.0,3,1.0,1.0,0.506,0.605,84.7,Richmond,37.5407,-77.436,54.1
FORT EUSTIS,VA,37.1259192,-76.6013522,Unmatched,Portsmouth Heights,VA,36.82098,-76.36883,24.7,99049,,,Available,2.3,2.6,1.7,0.85,True,True,True,3.0,3,1.0,0.99,,0.295,83.1,Richmond,37.5407,-77.436,54.1
FORT EUSTIS,VA,37.1259192,-76.6013522,Unmatched,East Hampton,VA,37.03737,-76.33161,16.1,147993,,,Unavailable,,,,0.45,,,,,3,,1.0,,0.541,79.6,Richmond,37.5407,-77.436,54.1
FORT EUSTIS,VA,37.1259192,-76.6013522,Available,Portsmouth,VA,36.83543,-76.29827,26.1,97190,95097.0,0.022,Available,0.5,5.2,2.1,1.0,True,True,True,3.0,3,1.0,0.972,0.44,0.253,76.0,Richmond,37.5407,-77.436,54.1
FORT EUSTIS,VA,37.1259192,-76.6013522,Available,Chesapeake,VA,36.81904,-76.27494,27.8,252583,239982.0,0.0525,Unavailable,,,,0.6,,,,,3,,1.0,1.0,0.205,73.5,Richmond,37.5407,-77.436,54.1
FORT EUSTIS,VA,37.1259192,-76.6013522,Available,Williamsburg,VA,37.2707,-76.70746,11.6,15798,14927.0,0.0584,Available,0.3,3.0,0.3,1.0,True,True,True,3.0,3,1.0,0.158,1.0,0.669,72.3,Richmond,37.5407,-77.436,54.1
FORT EUSTIS,VA,37.1259192,-76.6013522,Available,Suffolk,VA,36.72836,-76.58496,27.5,98796,90093.0,0.0966,Available,1.2,,1.1,1.0,True,False,True,2.0,3,0.667,0.988,1.0,0.215,70.7,Richmond,37.5407,-77.436,54.1
FORT EUSTIS,VA,37.1259192,-76.6013522,Available,Norfolk,VA,36.84681,-76.28522,26.0,233596,244601.0,-0.045,Available,0.4,4.2,1.2,1.0,True,True,True,3.0,3,1.0,1.0,0.0,0.257,70.1,Richmond,37.5407,-77.436,54.1
FORT EUSTIS,VA,37.1259192,-76.6013522,Available,Hampton,VA,37.02987,-76.34522,15.6,137557,135041.0,0.0186,Unavailable,,,,0.6,,,,,3,,1.0,0.372,0.554,69.4,Richmond,37.5407,-77.436,54.1
FORT EUSTIS,VA,37.1259192,-76.6013522,Unmatched,South Suffolk,VA,36.71709,-76.59023,28.3,80690,,,Unavailable,,,,0.45,,,,,3,,0.807,,0.193,53.4,Richmond,37.5407,-77.436,54.1
FORT BELVOIR,VA,38.710797,-77.1436907,Available,Waldorf,MD,38.62456,-76.93914,12.5,82943,75489.0,0.0987,Available,4.9,0.9,1.2,1.0,True,True,True,3.0,3,1.0,0.829,1.0,0.642,88.6,Richmond,37.5407,-77.436,82.4
FORT BELVOIR,VA,38.710797,-77.1436907,Unmatched,Dale City,VA,38.63706,-77.31109,10.4,65969,,,Available,1.3,1.7,1.7,0.85,True,True,True,3.0,3,1.0,0.66,,0.704,83.0,Richmond,37.5407,-77.436,82.4
FORT BELVOIR,VA,38.710797,-77.1436907,Available,Arlington,VA,38.88101,-77.10428,12.0,236254,233464.0,0.012,Available,0.1,0.5,0.4,1.0,True,True,True,3.0,3,1.0,1.0,0.24,0.659,81.8,Richmond,37.5407,-77.436,82.4
FORT BELVOIR,VA,38.710797,-77.1436907,Available,Bethesda,MD,38.98067,-77.10026,18.8,69397,63195.0,0.0981,Available,0.2,0.5,2.5,1.0,True,True,True,3.0,3,1.0,0.694,1.0,0.463,81.6,Richmond,37.5407,-77.436,82.4
FORT BELVOIR,VA,38.710797,-77.1436907,Available,Alexandria,VA,38.80484,-77.04692,8.3,156976,157613.0,-0.004,Available,0.1,2.0,3.4,1.0,True,True,True,3.0,3,1.0,1.0,0.0,0.762,80.2,Richmond,37.5407,-77.436,82.4
FORT BELVOIR,VA,38.710797,-77.1436907,Available,Washington,DC,38.89511,-77.03637,14.0,681294,692683.0,-0.0164,Available,0.3,2.0,0.4,1.0,True,True,True,3.0,3,1.0,1.0,0.0,0.6,77.0,Richmond,37.5407,-77.436,82.4
FORT BELVOIR,VA,38.710797,-77.1436907,Unmatched,Downtown DC,DC,38.8935,-77.01991,14.3,52560,,,Available,0.1,2.6,0.4,0.85,True,True,True,3.0,3,1.0,0.526,,0.592,76.5,Richmond,37.5407,-77.436,82.4
FORT BELVOIR,VA,38.710797,-77.1436907,Available,Silver Spring,MD,38.99067,-77.02609,20.3,81462,81773.0,-0.0038,Available,0.4,0.4,0.4,1.0,True,True,True,3.0,3,1.0,0.815,0.0,0.419,68.8,Richmond,37.5407,-77.436,82.4
FORT BELVOIR,VA,38.710797,-77.1436907,Available,Centreville,VA,38.84039,-77.42888,17.8,71706,74125.0,-0.0326,Available,0.5,2.2,2.7,1.0,True,True,True,3.0,3,1.0,0.717,0.0,0.492,67.8,Richmond,37.5407,-77.436,82.4
FORT BELVOIR,VA,38.710797,-77.1436907,Available,Lake Ridge,VA,38.68789,-77.29776,8.5,46049,44716.0,0.0298,Unavailable,,,,0.6,,,,,3,,0.46,0.596,0.758,59.3,Richmond,37.5407,-77.436,82.4
FORT LEE,VA,37.2354475,-77.3305507,Available,Chester,VA,37.35682,-77.44165,10.4,24474,22032.0,0.1108,Available,1.6,1.8,1.3,1.0,True,True,True,3.0,3,1.0,0.245,1.0,0.704,75.2,Richmond,37.5407,-77.436,21.9
FORT LEE,VA,37.2354475,-77.3305507,Available,Meadowbrook,VA,37.44882,-77.47353,16.7,20749,19811.0,0.0473,Available,3.0,6.6,6.4,1.0,True,True,True,3.0,3,1.0,0.207,0.946,0.523,69.8,Richmond,37.5407,-77.436,21.9
FORT LEE,VA,37.2354475,-77.3305507,Available,Petersburg,VA,37.22793,-77.40193,4.0,33537,31362.0,0.0694,Unavailable,,,,0.6,,,,,3,,0.335,1.0,0.887,68.5,Richmond,37.5407,-77.436,21.9
FORT LEE,VA,37.2354475,-77.3305507,Available,Mechanicsville,VA,37.60876,-77.37331,25.9,38683,37496.0,0.0317,Available,0.9,1.4,0.9,1.0,True,True,True,3.0,3,1.0,0.387,0.634,0.26,64.4,Richmond,37.5407,-77.436,21.9
FORT LEE,VA,37.2354475,-77.3305507,Available,Colonial Heights,VA,37.26804,-77.40726,4.8,18352,17428.0,0.053,Unavailable,,,,0.6,,,,,3,,0.184,1.0,0.863,61.4,Richmond,37.5407,-77.436,21.9
FORT LEE,VA,37.2354475,-77.3305507,Available,Richmond,VA,37.55376,-77.46026,23.1,229359,226622.0,0.0121,Unavailable,,,,0.6,,,,,3,,1.0,0.242,0.34,59.0,Richmond,37.5407,-77.436,21.9
FORT LEE,VA,37.2354475,-77.3305507,Available,Highland Springs,VA,37.54598,-77.32776,21.5,14296,16459.0,-0.1314,Available,1.9,1.9,2.0,1.0,True,True,True,3.0,3,1.0,0.143,0.0,0.387,51.3,Richmond,37.5407,-77.436,21.9
FORT LEE,VA,37.2354475,-77.3305507,Available,Hopewell,VA,37.30432,-77.2872,5.3,22959,22456.0,0.0224,Unavailable,,,,0.6,,,,,3,,0.23,0.448,0.848,49.0,Richmond,37.5407,-77.436,21.9
FORT LEE,VA,37.2354475,-77.3305507,Available,Tuckahoe,VA,37.59015,-77.55638,27.5,49183,48799.0,0.0079,Unavailable,,,,0.6,,,,,3,,0.492,0.158,0.215,31.6,Richmond,37.5407,-77.436,21.9
FORT LEE,VA,37.2354475,-77.3305507,Available,Bon Air,VA,37.52487,-77.55777,23.6,16904,18052.0,-0.0636,Unavailable,,,,0.6,,,,,3,,0.169,0.0,0.327,17.9,Richmond,37.5407,-77.436,21.9
FORT RILEY,KS,39.1714753,-96.7798588,Available,Manhattan,KS,39.18361,-96.57167,11.2,54239,55290.0,-0.019,Available,0.3,2.0,0.7,1.0,True,True,True,3.0,3,1.0,0.542,0.0,0.681,67.2,Topeka,39.0473,-95.6752,59.8
FORT RILEY,KS,39.1714753,-96.7798588,Unmatched,Junction City,KS,39.02861,-96.8314,10.3,24621,,,Available,0.9,,,0.85,True,False,False,1.0,3,0.333,0.246,,0.707,39.5,Topeka,39.0473,-95.6752,59.8
FORT GORDON,GA,33.3578877,-82.2402132,Available,Aiken,SC,33.56042,-81.71955,33.1,32521,30671.0,0.0603,Available,2.7,3.9,3.4,1.0,True,True,True,3.0,3,1.0,0.325,1.0,0.054,64.2,Atlanta,33.749,-84.388,126.6
FORT GORDON,GA,33.3578877,-82.2402132,Available,North Augusta,SC,33.5018,-81.96512,18.7,25653,22908.0,0.1198,Unavailable,,,,0.6,,,,,3,,0.257,1.0,0.465,51.2,Atlanta,33.749,-84.388,126.6
FORT GORDON,GA,33.3578877,-82.2402132,Unmatched,Augusta,GA,33.47097,-81.97484,17.2,43459,,,Unavailable,,,,0.45,,,,,3,,0.435,,0.509,46.8,Atlanta,33.749,-84.388,126.6
FORT GORDON,GA,33.3578877,-82.2402132,Available,Evans,GA,33.53375,-82.13067,13.7,36998,37114.0,-0.0031,Unavailable,,,,0.6,,,,,3,,0.37,0.0,0.609,35.7,Atlanta,33.749,-84.388,126.6
FORT GORDON,GA,33.3578877,-82.2402132,Available,Martinez,GA,33.51736,-82.07567,14.5,33750,34844.0,-0.0314,Unavailable,,,,0.6,,,,,3,,0.338,0.0,0.585,33.6,Atlanta,33.749,-84.388,126.6
ARLINGTON,VA,38.8769326,-77.0893094,Available,Bethesda,MD,38.98067,-77.10026,7.2,69397,63195.0,0.0981,Available,0.2,0.5,2.5,1.0,True,True,True,3.0,3,1.0,0.694,1.0,0.795,88.2,Richmond,37.5407,-77.436,94.2
ARLINGTON,VA,38.8769326,-77.0893094,Available,Arlington,VA,38.88101,-77.10428,0.9,236254,233464.0,0.012,Available,0.1,0.5,0.4,1.0,True,True,True,3.0,3,1.0,1.0,0.24,0.976,88.1,Richmond,37.5407,-77.436,94.2
ARLINGTON,VA,38.8769326,-77.0893094,Unmatched,Downtown DC,DC,38.8935,-77.01991,3.9,52560,,,Available,0.1,2.6,0.4,0.85,True,True,True,3.0,3,1.0,0.526,,0.888,83.4,Richmond,37.5407,-77.436,94.2
ARLINGTON,VA,38.8769326,-77.0893094,Available,Washington,DC,38.89511,-77.03637,3.1,681294,692683.0,-0.0164,Available,0.3,2.0,0.4,1.0,True,True,True,3.0,3,1.0,1.0,0.0,0.911,83.2,Richmond,37.5407,-77.436,94.2
ARLINGTON,VA,38.8769326,-77.0893094,Available,Alexandria,VA,38.80484,-77.04692,5.5,156976,157613.0,-0.004,Available,0.1,2.0,3.4,1.0,True,True,True,3.0,3,1.0,1.0,0.0,0.843,81.9,Richmond,37.5407,-77.436,94.2
ARLINGTON,VA,38.8769326,-77.0893094,Available,McLean,VA,38.93428,-77.17748,6.2,49627,47682.0,0.0408,Available,0.1,4.9,3.4,1.0,True,True,True,3.0,3,1.0,0.496,0.816,0.823,81.1,Richmond,37.5407,-77.436,94.2
ARLINGTON,VA,38.8769326,-77.0893094,Available,Silver Spring,MD,38.99067,-77.02609,8.6,81462,81773.0,-0.0038,Available,0.4,0.4,0.4,1.0,True,True,True,3.0,3,1.0,0.815,0.0,0.755,75.5,Richmond,37.5407,-77.436,94.2
ARLINGTON,VA,38.8769326,-77.0893094,Available,Germantown,MD,39.17316,-77.27165,22.7,90719,90582.0,0.0015,Available,0.6,2.1,0.9,1.0,True,True,True,3.0,3,1.0,0.907,0.03,0.352,70.2,Richmond,37.5407,-77.436,94.2
ARLINGTON,VA,38.8769326,-77.0893094,Available,Columbia,MD,39.24038,-76.83942,28.5,104338,103991.0,0.0033,Available,2.3,1.4,1.4,1.0,True,True,True,3.0,3,1.0,1.0,0.066,0.187,69.7,Richmond,37.5407,-77.436,94.2
ARLINGTON,VA,38.8769326,-77.0893094,Available,Rockville,MD,39.084,-77.15276,14.7,67671,67542.0,0.0019,Available,0.1,2.8,1.4,1.0,True,True,True,3.0,3,1.0,0.677,0.038,0.58,69.1,Richmond,37.5407,-77.436,94.2
FORT KNOX,KY,37.8976552,-85.9038521,Unmatched,Louisville,KY,38.25424,-85.75941,25.9,624444,,,Unavailable,,,,0.45,,,,,3,,1.0,,0.261,67.2,Frankfort,38.2009,-84.8777,59.6
FORT KNOX,KY,37.8976552,-85.9038521,Unmatched,Okolona,KY,38.14118,-85.68774,20.5,17134,,,Available,4.1,0.9,1.3,0.85,True,True,True,3.0,3,1.0,0.171,,0.413,61.8,Frankfort,38.2009,-84.8777,59.6
FORT KNOX,KY,37.8976552,-85.9038521,Unmatched,Newburg,KY,38.16007,-85.65968,22.5,19967,,,Available,3.2,1.2,1.5,0.85,True,True,True,3.0,3,1.0,0.2,,0.358,61.4,Frankfort,38.2009,-84.8777,59.6
FORT KNOX,KY,37.8976552,-85.9038521,Available,Elizabethtown,KY,37.69395,-85.85913,14.3,32576,29620.0,0.0998,Unavailable,,,,0.6,,,,,3,,0.326,1.0,0.592,58.3,Frankfort,38.2009,-84.8777,59.6
FORT KNOX,KY,37.8976552,-85.9038521,Available,Jeffersonville,IN,38.27757,-85.73718,27.8,51043,47673.0,0.0707,Unavailable,,,,0.6,,,,,3,,0.51,1.0,0.207,53.1,Frankfort,38.2009,-84.8777,59.6
FORT KNOX,KY,37.8976552,-85.9038521,Available,Radcliff,KY,37.84035,-85.94913,4.7,22864,22639.0,0.0099,Unavailable,,,,0.6,,,,,3,,0.229,0.198,0.867,43.4,Frankfort,38.2009,-84.8777,59.6
FORT KNOX,KY,37.8976552,-85.9038521,Unmatched,Valley Station,KY,38.11118,-85.87024,14.9,22756,,,Unavailable,,,,0.45,,,,,3,,0.228,,0.575,38.2,Frankfort,38.2009,-84.8777,59.6
FORT KNOX,KY,37.8976552,-85.9038521,Unmatched,Pleasure Ridge Park,KY,38.14535,-85.8583,17.3,25813,,,Unavailable,,,,0.45,,,,,3,,0.258,,0.506,36.8,Frankfort,38.2009,-84.8777,59.6
FORT KNOX,KY,37.8976552,-85.9038521,Available,New Albany,IN,38.28562,-85.82413,27.2,37581,36647.0,0.0255,Unavailable,,,,0.6,,,,,3,,0.376,0.51,0.224,35.9,Frankfort,38.2009,-84.8777,59.6
FORT KNOX,KY,37.8976552,-85.9038521,Available,Shively,KY,38.20007,-85.82274,21.4,15638,15726.0,-0.0056,Unavailable,,,,0.6,,,,,3,,0.156,0.0,0.39,19.5,Frankfort,38.2009,-84.8777,59.6
KIRTLAND AIR FORCE BASE,NM,35.0011307,-106.5157255,Available,Rio Rancho,NM,35.23338,-106.66447,18.1,108515,96210.0,0.1279,Available,0.5,1.5,1.9,1.0,True,True,True,3.0,3,1.0,1.0,1.0,0.482,89.6,Santa Fe,35.687,-105.9378,57.5
KIRTLAND AIR FORCE BASE,NM,35.0011307,-106.5157255,Available,Albuquerque,NM,35.08449,-106.65114,9.6,562218,559374.0,0.0051,Available,0.1,4.9,1.8,1.0,True,True,True,3.0,3,1.0,1.0,0.102,0.726,81.0,Santa Fe,35.687,-105.9378,57.5
KIRTLAND AIR FORCE BASE,NM,35.0011307,-106.5157255,Unmatched,Enchanted Hills,NM,35.33676,-106.59296,23.6,87521,,,Unavailable,,,,0.45,,,,,3,,0.875,,0.326,63.1,Santa Fe,35.687,-105.9378,57.5
KIRTLAND AIR FORCE BASE,NM,35.0011307,-106.5157255,Available,Los Lunas,NM,34.80617,-106.73336,18.3,18618,15589.0,0.1943,Available,1.4,,,1.0,True,False,False,1.0,3,0.333,0.186,1.0,0.478,42.5,Santa Fe,35.687,-105.9378,57.5
KIRTLAND AIR FORCE BASE,NM,35.0011307,-106.5157255,Available,South Valley,NM,35.01005,-106.67808,9.2,37120,40080.0,-0.0739,Unavailable,,,,0.6,,,,,3,,0.371,0.0,0.737,40.0,Santa Fe,35.687,-105.9378,57.5
FORT BLISS,TX,32.2463821,-106.3745306,Available,Las Cruces,NM,32.31232,-106.77834,24.0,114197,102102.0,0.1185,Available,1.5,2.0,2.4,1.0,True,True,True,3.0,3,1.0,1.0,1.0,0.314,86.3,Austin,30.2672,-97.7431,527.7
FORT BLISS,TX,32.2463821,-106.3745306,Available,El Paso,TX,31.75872,-106.48693,34.3,680130,679813.0,0.0005,Available,0.1,4.6,1.3,1.0,True,True,True,3.0,3,1.0,1.0,0.01,0.019,65.5,Austin,30.2672,-97.7431,527.7
FORT BLISS,TX,32.2463821,-106.3745306,Available,Sunland Park,NM,31.7965,-106.57999,33.3,17463,17081.0,0.0224,Available,3.0,2.4,3.0,1.0,True,True,True,3.0,3,1.0,0.175,0.448,0.048,52.1,Austin,30.2672,-97.7431,527.7
DETROIT ARSENAL,MI,42.4974118,-83.0410055,Available,Troy,MI,42.60559,-83.14993,9.3,87898,83989.0,0.0465,Available,1.1,2.4,3.4,1.0,True,True,True,3.0,3,1.0,0.879,0.93,0.734,90.6,Lansing,42.7325,-84.5555,78.7
DETROIT ARSENAL,MI,42.4974118,-83.0410055,Unmatched,Clinton Township,MI,42.58698,-82.91992,8.7,99753,,,Unavailable,,,,0.45,,,,,3,,0.998,,0.75,88.8,Lansing,42.7325,-84.5555,78.7
DETROIT ARSENAL,MI,42.4974118,-83.0410055,Available,Dearborn,MI,42.32226,-83.17631,13.9,107423,94701.0,0.1343,Unavailable,,,,0.6,,,,,3,,1.0,1.0,0.602,86.7,Lansing,42.7325,-84.5555,78.7
DETROIT ARSENAL,MI,42.4974118,-83.0410055,Available,Southfield,MI,42.47337,-83.22187,9.4,76236,73174.0,0.0418,Available,2.6,2.8,3.6,1.0,True,True,True,3.0,3,1.0,0.762,0.836,0.732,86.2,Lansing,42.7325,-84.5555,78.7
DETROIT ARSENAL,MI,42.4974118,-83.0410055,Available,Rochester Hills,MI,42.65837,-83.14993,12.4,77089,74206.0,0.0389,Available,1.7,1.8,3.6,1.0,True,True,True,3.0,3,1.0,0.771,0.778,0.645,83.8,Lansing,42.7325,-84.5555,78.7
DETROIT ARSENAL,MI,42.4974118,-83.0410055,Available,Detroit,MI,42.33143,-83.04575,11.5,638530,674841.0,-0.0538,Available,0.1,4.2,4.6,1.0,True,True,True,3.0,3,1.0,1.0,0.0,0.672,78.4,Lansing,42.7325,-84.5555,78.7
DETROIT ARSENAL,MI,42.4974118,-83.0410055,Available,Warren,MI,42.49044,-83.01304,1.5,137928,134797.0,0.0232,Available,2.1,3.7,,1.0,True,True,False,2.0,3,0.667,1.0,0.464,0.957,77.8,Lansing,42.7325,-84.5555,78.7
DETROIT ARSENAL,MI,42.4974118,-83.0410055,Available,Sterling Heights,MI,42.58031,-83.0302,5.8,133573,132476.0,0.0083,Unavailable,,,,0.6,,,,,3,,1.0,0.166,0.836,73.7,Lansing,42.7325,-84.5555,78.7
DETROIT ARSENAL,MI,42.4974118,-83.0410055,Available,Livonia,MI,42.36837,-83.35271,18.2,93851,94249.0,-0.0042,Available,1.2,1.0,1.0,1.0,True,True,True,3.0,3,1.0,0.939,0.0,0.479,73.1,Lansing,42.7325,-84.5555,78.7
DETROIT ARSENAL,MI,42.4974118,-83.0410055,Available,Shelby,MI,42.67087,-83.03298,12.0,2577,2427.0,0.0618,Unavailable,,,,0.6,,,,,3,,0.026,1.0,0.657,48.0,Lansing,42.7325,-84.5555,78.7
SHAW AFB,SC,33.9736956,-80.4664914,Available,Sumter,SC,33.92044,-80.34147,8.1,43053,39800.0,0.0817,Available,3.6,,3.3,1.0,True,False,True,2.0,3,0.667,0.431,1.0,0.77,67.9,Columbia,34.0007,-81.0348,32.6
SHAW AFB,SC,33.9736956,-80.4664914,Available,Columbia,SC,34.00071,-81.03481,32.6,139643,133273.0,0.0478,Unavailable,,,,0.6,,,,,3,,1.0,0.956,0.068,67.8,Columbia,34.0007,-81.0348,32.6
SHAW AFB,SC,33.9736956,-80.4664914,Available,West Columbia,SC,33.99349,-81.07398,34.8,17963,17641.0,0.0183,Unavailable,,,,0.6,,,,,3,,0.18,0.366,0.005,16.8,Columbia,34.0007,-81.0348,32.6
FORT BENNING,GA,32.3944604,-84.8062645,Available,Columbus,GA,32.46098,-84.98771,11.5,203711,195739.0,0.0407,Available,2.9,5.2,2.0,1.0,True,True,True,3.0,3,1.0,1.0,0.814,0.67,90.6,Atlanta,33.749,-84.388,96.7
FORT BENNING,GA,32.3944604,-84.8062645,Unmatched,Phenix City,AL,32.47098,-85.00077,12.5,37570,,,Available,3.2,4.7,2.6,0.85,True,True,True,3.0,3,1.0,0.376,,0.642,73.2,Atlanta,33.749,-84.388,96.7
OFFUTT AFB,NE,41.1183758,-95.9101309,Available,Omaha,NE,41.25626,-95.94043,9.7,488837,475862.0,0.0273,Available,0.3,4.4,4.7,1.0,True,True,True,3.0,3,1.0,1.0,0.546,0.724,87.7,Lincoln,40.8136,-96.7026,46.4
OFFUTT AFB,NE,41.1183758,-95.9101309,Available,Bellevue,NE,41.13667,-95.89084,1.6,64510,53324.0,0.2098,Unavailable,,,,0.6,,,,,3,,0.645,1.0,0.954,83.7,Lincoln,40.8136,-96.7026,46.4
OFFUTT AFB,NE,41.1183758,-95.9101309,Available,Papillion,NE,41.15444,-96.04224,7.3,25244,20423.0,0.2361,Available,0.8,0.8,1.5,1.0,True,True,True,3.0,3,1.0,0.252,1.0,0.791,77.1,Lincoln,40.8136,-96.7026,46.4
OFFUTT AFB,NE,41.1183758,-95.9101309,Available,La Vista,NE,41.18389,-96.03113,7.8,16563,17078.0,-0.0302,Available,0.6,1.5,1.0,1.0,True,True,True,3.0,3,1.0,0.166,0.0,0.778,59.7,Lincoln,40.8136,-96.7026,46.4
OFFUTT AFB,NE,41.1183758,-95.9101309,Available,Council Bluffs,IA,41.26194,-95.86083,10.2,62586,62355.0,0.0037,Unavailable,,,,0.6,,,,,3,,0.626,0.074,0.707,51.5,Lincoln,40.8136,-96.7026,46.4
FORT RUCKER,AL,31.3499557,-85.7140361,Available,Dothan,AL,31.22323,-85.39049,21.0,71514,67894.0,0.0533,Available,1.8,4.4,1.7,1.0,True,True,True,3.0,3,1.0,0.715,1.0,0.4,80.9,Montgomery,32.3777,-86.3006,78.9
FORT RUCKER,AL,31.3499557,-85.7140361,Available,Enterprise,AL,31.31517,-85.85522,8.7,29505,27947.0,0.0557,Available,,,1.5,1.0,False,False,True,1.0,3,0.333,0.295,1.0,0.752,50.7,Montgomery,32.3777,-86.3006,78.9
RICHMOND,VA,37.5385087,-77.43428,Available,Richmond,VA,37.55376,-77.46026,1.8,229359,226622.0,0.0121,Unavailable,,,,0.6,,,,,3,,1.0,0.242,0.949,79.3,Richmond,37.5407,-77.436,0.2
RICHMOND,VA,37.5385087,-77.43428,Available,Mechanicsville,VA,37.60876,-77.37331,5.9,38683,37496.0,0.0317,Available,0.9,1.4,0.9,1.0,True,True,True,3.0,3,1.0,0.387,0.634,0.832,75.8,Richmond,37.5407,-77.436,0.2
RICHMOND,VA,37.5385087,-77.43428,Available,Meadowbrook,VA,37.44882,-77.47353,6.6,20749,19811.0,0.0473,Available,3.0,6.6,6.4,1.0,True,True,True,3.0,3,1.0,0.207,0.946,0.813,75.6,Richmond,37.5407,-77.436,0.2
RICHMOND,VA,37.5385087,-77.43428,Available,Chester,VA,37.35682,-77.44165,12.6,24474,22032.0,0.1108,Available,1.6,1.8,1.3,1.0,True,True,True,3.0,3,1.0,0.245,1.0,0.641,73.9,Richmond,37.5407,-77.436,0.2
RICHMOND,VA,37.5385087,-77.43428,Available,Tuckahoe,VA,37.59015,-77.55638,7.6,49183,48799.0,0.0079,Available,1.0,3.1,1.1,1.0,True,True,True,3.0,3,1.0,0.492,0.158,0.783,70.3,Richmond,37.5407,-77.436,0.2
RICHMOND,VA,37.5385087,-77.43428,Available,Midlothian,VA,37.50598,-77.64916,12.0,19120,,,Available,0.8,2.4,2.1,0.85,True,True,True,3.0,3,1.0,0.191,,0.657,68.1,Richmond,37.5407,-77.436,0.2
RICHMOND,VA,37.5385087,-77.43428,Available,Short Pump,VA,37.65042,-77.61249,12.4,29026,28328.0,0.0246,Available,0.3,0.4,0.1,1.0,True,True,True,3.0,3,1.0,0.29,0.492,0.644,67.5,Richmond,37.5407,-77.436,0.2
RICHMOND,VA,37.5385087,-77.43428,Available,Bon Air,VA,37.52487,-77.55777,6.8,16904,18052.0,-0.0636,Available,1.8,1.8,1.9,1.0,True,True,True,3.0,3,1.0,0.169,0.0,0.805,60.3,Richmond,37.5407,-77.436,0.2
RICHMOND,VA,37.5385087,-77.43428,Available,Highland Springs,VA,37.54598,-77.32776,5.9,14296,16459.0,-0.1314,Available,1.9,1.9,2.0,1.0,True,True,True,3.0,3,1.0,0.143,0.0,0.833,60.2,Richmond,37.5407,-77.436,0.2
RICHMOND,VA,37.5385087,-77.43428,Available,Laurel,VA,37.64292,-77.50887,8.3,18721,17535.0,0.0676,Unavailable,,,,0.6,,,,,3,,0.187,1.0,0.763,58.2,Richmond,37.5407,-77.436,0.2
PETERSON SFB,CO,38.8318574,-104.7087462,Available,Colorado Springs,CO,38.83388,-104.82136,6.1,487887,464871.0,0.0495,Unavailable,,,,0.6,,,,,3,,1.0,0.99,0.827,94.0,Denver,39.7392,-104.9903,64.5
PETERSON SFB,CO,38.8318574,-104.7087462,Available,Cimarron Hills,CO,38.85861,-104.69886,1.9,19817,18727.0,0.0582,Unavailable,,,,0.6,,,,,3,,0.198,1.0,0.945,64.8,Denver,39.7392,-104.9903,64.5
PETERSON SFB,CO,38.8318574,-104.7087462,Available,Security-Widefield,CO,38.74728,-104.71439,5.9,37345,39612.0,-0.0572,Unavailable,,,,0.6,,,,,3,,0.373,0.0,0.833,43.3,Denver,39.7392,-104.9903,64.5
PETERSON SFB,CO,38.8318574,-104.7087462,Available,Pueblo West,CO,38.35,-104.72275,33.3,35681,31849.0,0.1203,Unavailable,,,,0.6,,,,,3,,0.357,1.0,0.049,41.5,Denver,39.7392,-104.9903,64.5
PETERSON SFB,CO,38.8318574,-104.7087462,Available,Fountain,CO,38.68222,-104.70081,10.3,29300,29784.0,-0.0163,Unavailable,,,,0.6,,,,,3,,0.293,0.0,0.704,35.7,Denver,39.7392,-104.9903,64.5
AUSTIN,TX,30.2711286,-97.7436995,Available,Austin,TX,30.26715,-97.74306,0.3,979539,950807.0,0.0302,Available,0.1,0.6,1.0,1.0,True,True,True,3.0,3,1.0,1.0,0.604,0.992,93.9,Austin,30.2672,-97.7431,0.3
AUSTIN,TX,30.2711286,-97.7436995,Unmatched,University of Texas,TX,30.28604,-97.73889,1.1,53082,,,Available,0.2,0.2,0.1,0.85,True,True,True,3.0,3,1.0,0.531,,0.969,85.5,Austin,30.2672,-97.7431,0.3
AUSTIN,TX,30.2711286,-97.7436995,Available,Cedar Park,TX,30.5052,-97.82029,16.8,78301,74814.0,0.0466,Available,1.3,1.7,1.5,1.0,True,True,True,3.0,3,1.0,0.783,0.932,0.52,84.0,Austin,30.2672,-97.7431,0.3
AUSTIN,TX,30.2711286,-97.7436995,Available,Pflugerville,TX,30.43937,-97.62,13.8,65971,61737.0,0.0686,Available,1.5,2.3,2.3,1.0,True,True,True,3.0,3,1.0,0.66,1.0,0.607,83.6,Austin,30.2672,-97.7431,0.3
AUSTIN,TX,30.2711286,-97.7436995,Available,Leander,TX,30.57881,-97.85307,22.2,74067,53716.0,0.3789,Available,1.6,4.2,1.2,1.0,True,True,True,3.0,3,1.0,0.741,1.0,0.365,80.8,Austin,30.2672,-97.7431,0.3
AUSTIN,TX,30.2711286,-97.7436995,Available,San Marcos,TX,29.88327,-97.94139,29.3,70897,63220.0,0.1214,Available,1.1,0.2,0.4,1.0,True,True,True,3.0,3,1.0,0.709,1.0,0.163,76.0,Austin,30.2672,-97.7431,0.3
AUSTIN,TX,30.2711286,-97.7436995,Available,Round Rock,TX,30.50826,-97.6789,16.8,127786,124434.0,0.0269,Unavailable,,,,0.6,,,,,3,,1.0,0.538,0.519,72.4,Austin,30.2672,-97.7431,0.3
AUSTIN,TX,30.2711286,-97.7436995,Available,Georgetown,TX,30.63269,-97.67723,25.3,85999,71004.0,0.2112,Unavailable,,,,0.6,,,,,3,,0.86,1.0,0.277,70.1,Austin,30.2672,-97.7431,0.3
AUSTIN,TX,30.2711286,-97.7436995,Unmatched,Jollyville,TX,30.4427,-97.77501,12.0,16151,,,Available,1.1,2.7,2.1,0.85,True,True,True,3.0,3,1.0,0.162,,0.657,67.3,Austin,30.2672,-97.7431,0.3
AUSTIN,TX,30.2711286,-97.7436995,Available,Kyle,TX,29.98911,-97.87723,21.1,56823,42706.0,0.3306,Unavailable,,,,0.6,,,,,3,,0.568,1.0,0.398,61.9,Austin,30.2672,-97.7431,0.3
REDSTONE ARSENAL,AL,34.6297568,-86.6535802,Available,Huntsville,AL,34.7304,-86.58594,7.9,222791,196219.0,0.1354,Available,0.2,4.6,0.7,1.0,True,True,True,3.0,3,1.0,1.0,1.0,0.773,95.5,Montgomery,32.3777,-86.3006,156.9
REDSTONE ARSENAL,AL,34.6297568,-86.6535802,Available,Madison,AL,34.69926,-86.74833,7.2,60106,49327.0,0.2185,Available,1.9,3.5,1.9,1.0,True,True,True,3.0,3,1.0,0.601,1.0,0.794,85.9,Montgomery,32.3777,-86.3006,156.9
REDSTONE ARSENAL,AL,34.6297568,-86.6535802,Available,Decatur,AL,34.60593,-86.98334,18.8,57361,54478.0,0.0529,Unavailable,,,,0.6,,,,,3,,0.574,1.0,0.462,64.3,Montgomery,32.3777,-86.3006,156.9
REDSTONE ARSENAL,AL,34.6297568,-86.6535802,Available,Athens,AL,34.80243,-86.97219,21.7,29002,25922.0,0.1188,Available,2.0,,1.9,1.0,True,False,True,2.0,3,0.667,0.29,1.0,0.381,56.6,Montgomery,32.3777,-86.3006,156.9
REDSTONE ARSENAL,AL,34.6297568,-86.6535802,Available,Cullman,AL,34.17482,-86.84361,33.2,19319,15729.0,0.2282,Available,1.6,,1.5,1.0,True,False,True,2.0,3,0.667,0.193,1.0,0.05,47.5,Montgomery,32.3777,-86.3006,156.9
MONTEREY,CA,36.2231079,-121.387742,Available,Salinas,CA,36.67774,-121.6555,34.8,161761,156143.0,0.036,Available,0.1,2.6,2.7,1.0,True,True,True,3.0,3,1.0,1.0,0.72,0.007,75.9,Sacramento,38.5816,-121.4944,163.1
MONTEREY,CA,36.2231079,-121.387742,Available,Soledad,CA,36.42469,-121.32632,14.3,26365,25705.0,0.0257,Unavailable,,,,0.6,,,,,3,,0.264,0.514,0.59,43.5,Sacramento,38.5816,-121.4944,163.1
MONTEREY,CA,36.2231079,-121.387742,Available,Greenfield,CA,36.3208,-121.24381,10.5,3939,3899.0,0.0103,Available,0.6,,,1.0,True,False,False,1.0,3,0.333,0.039,0.206,0.701,31.4,Sacramento,38.5816,-121.4944,163.1
NEW BRAUNFELS,TX,29.703,-98.1245,Available,New Braunfels,TX,29.703,-98.12445,0.0,104643,79438.0,0.3173,Available,1.1,3.6,1.3,1.0,True,True,True,3.0,3,1.0,1.0,1.0,1.0,100.0,Austin,30.2672,-97.7431,45.2
NEW BRAUNFELS,TX,29.703,-98.1245,Available,San Marcos,TX,29.88327,-97.94139,16.6,70897,63220.0,0.1214,Available,1.1,0.2,0.4,1.0,True,True,True,3.0,3,1.0,0.709,1.0,0.526,83.2,Austin,30.2672,-97.7431,45.2
NEW BRAUNFELS,TX,29.703,-98.1245,Available,Schertz,TX,29.55217,-98.26973,13.6,44050,41199.0,0.0692,Available,1.2,3.6,2.2,1.0,True,True,True,3.0,3,1.0,0.441,1.0,0.612,78.3,Austin,30.2672,-97.7431,45.2
NEW BRAUNFELS,TX,29.703,-98.1245,Available,Cibolo,TX,29.56162,-98.22696,11.5,35109,28920.0,0.214,Available,2.0,6.0,1.0,1.0,True,True,True,3.0,3,1.0,0.351,1.0,0.67,77.2,Austin,30.2672,-97.7431,45.2
NEW BRAUNFELS,TX,29.703,-98.1245,Available,Kyle,TX,29.98911,-97.87723,24.7,56823,42706.0,0.3306,Available,0.4,1.7,1.8,1.0,True,True,True,3.0,3,1.0,0.568,1.0,0.294,75.1,Austin,30.2672,-97.7431,45.2
NEW BRAUNFELS,TX,29.703,-98.1245,Available,Converse,TX,29.51801,-98.31612,17.2,29607,26930.0,0.0994,Available,1.5,3.5,3.1,1.0,True,True,True,3.0,3,1.0,0.296,1.0,0.509,72.6,Austin,30.2672,-97.7431,45.2
NEW BRAUNFELS,TX,29.703,-98.1245,Available,San Antonio,TX,29.42412,-98.49363,29.4,1479835,1508083.0,-0.0187,Available,0.4,5.3,0.2,1.0,True,True,True,3.0,3,1.0,1.0,0.0,0.16,68.2,Austin,30.2672,-97.7431,45.2
NEW BRAUNFELS,TX,29.703,-98.1245,Unmatched,Universal City,TX,29.54801,-98.29112,14.7,19986,,,Available,2.3,2.6,2.7,0.85,True,True,True,3.0,3,1.0,0.2,,0.581,66.6,Austin,30.2672,-97.7431,45.2
NEW BRAUNFELS,TX,29.703,-98.1245,Available,Seguin,TX,29.56884,-97.96473,13.3,33754,28894.0,0.1682,Available,2.4,,2.0,1.0,True,False,True,2.0,3,0.667,0.338,1.0,0.619,62.5,Austin,30.2672,-97.7431,45.2
NEW BRAUNFELS,TX,29.703,-98.1245,Available,Canyon Lake,TX,29.87522,-98.26251,14.5,33883,25325.0,0.3379,Available,,,,1.0,False,False,False,0.0,3,0.0,0.339,1.0,0.586,35.2,Austin,30.2672,-97.7431,45.2
